<constraint>
    <subproperty indispensable="true" modelstateId="10" name="t10">
        <ba>
            <propositions>
                <proposition name="crz"/>
                <proposition name="ntz"/>
                <proposition name="cro"/>
                <proposition name="nto"/>
            </propositions>
            <states>
                <state id="1223" name="10 - 6 - 1"/>
                <state id="1198" name="10 - 4 - 0"/>
                <state id="1163" name="10 - 1 - 1"/>
                <state id="1228" name="10 - 5 - 1"/>
                <state id="1193" name="10 - 2 - 1"/>
                <state id="1196" name="10 - 2 - 0"/>
                <state accepting="true" id="1171" name="10 - 4 - 2"/>
                <state id="1240" name="10 - 7 - 1"/>
                <state id="1238" name="10 - 5 - 0"/>
                <state accepting="true" id="1233" name="10 - 7 - 2"/>
                <state id="1204" name="10 - 3 - 1"/>
                <state id="1179" name="10 - 4 - 1"/>
                <state id="1241" name="10 - 7 - 0"/>
            </states>
            <transitions>
                <transition destination="1204" id="2480" propositions="SIGMA" source="1204"/>
                <transition destination="1223" id="2561" propositions="SIGMA" source="1223"/>
                <transition destination="1228" id="2562" propositions="!crz" source="1223"/>
                <transition destination="1171" id="2423" propositions="nto^!cro" source="1179"/>
                <transition destination="1193" id="2481" propositions="!cro" source="1204"/>
                <transition destination="1171" id="2421" propositions="!cro" source="1193"/>
                <transition destination="1193" id="2422" propositions="nto^!cro" source="1179"/>
                <transition destination="1196" id="2442" propositions="nto^!cro" source="1171"/>
                <transition destination="1179" id="2441" propositions="!cro" source="1196"/>
                <transition destination="1193" id="2612" propositions="!cro" source="1163"/>
                <transition destination="1163" id="2611" propositions="SIGMA" source="1163"/>
                <transition destination="1228" id="2614" propositions="!crz" source="1163"/>
                <transition destination="1204" id="2613" propositions="SIGMA" source="1163"/>
                <transition destination="1179" id="2448" propositions="nto^!cro" source="1198"/>
                <transition destination="1223" id="2615" propositions="SIGMA" source="1163"/>
                <transition destination="1193" id="2447" propositions="nto^!cro" source="1198"/>
                <transition destination="1228" id="2535" propositions="!crz^ntz" source="1240"/>
                <transition destination="1233" id="2536" propositions="!crz^ntz" source="1240"/>
                <transition destination="1228" id="2532" propositions="!crz" source="1238"/>
                <transition destination="1228" id="2517" propositions="!crz" source="1228"/>
                <transition destination="1198" id="2449" propositions="nto^!cro" source="1171"/>
                <transition destination="1228" id="2541" propositions="!crz^ntz" source="1241"/>
                <transition destination="1240" id="2542" propositions="!crz^ntz" source="1241"/>
                <transition destination="1241" id="2543" propositions="!crz^ntz" source="1233"/>
                <transition destination="1233" id="2544" propositions="!crz" source="1228"/>
                <transition destination="1240" id="2537" propositions="!crz" source="1238"/>
                <transition destination="1238" id="2538" propositions="!crz^ntz" source="1233"/>
            </transitions>
        </ba>
        <intransitions>
            <labeledplugtransition label="G" id="244">
                <sourcestate>
                    <state id="9" name="q9"/>
                </sourcestate>
                <destinationstate>
                    <state id="1233" name="10 - 7 - 2"/>
                </destinationstate>
                <trans id="2548" propositions="tro^to^trz"/>
            </labeledplugtransition>
            <labeledplugtransition label="G" id="226">
                <sourcestate>
                    <state id="9" name="q9"/>
                </sourcestate>
                <destinationstate>
                    <state id="1193" name="10 - 2 - 1"/>
                </destinationstate>
                <trans id="2469" propositions="tro^to^trz"/>
            </labeledplugtransition>
            <labeledplugtransition label="G" id="230">
                <sourcestate>
                    <state id="7" name="q7"/>
                </sourcestate>
                <destinationstate>
                    <state id="1193" name="10 - 2 - 1"/>
                </destinationstate>
                <trans id="2483" propositions="tro^to^ntz"/>
            </labeledplugtransition>
            <labeledplugtransition label="G" id="206">
                <sourcestate>
                    <state id="8" name="q8"/>
                </sourcestate>
                <destinationstate>
                    <state id="1163" name="10 - 1 - 1"/>
                </destinationstate>
                <trans id="2592" propositions="tro^to^ntz"/>
            </labeledplugtransition>
            <labeledplugtransition label="G" id="242">
                <sourcestate>
                    <state id="7" name="q7"/>
                </sourcestate>
                <destinationstate>
                    <state id="1171" name="10 - 4 - 2"/>
                </destinationstate>
                <trans id="2466" propositions="tro^to^ntz"/>
            </labeledplugtransition>
            <labeledplugtransition label="G" id="262">
                <sourcestate>
                    <state id="9" name="q9"/>
                </sourcestate>
                <destinationstate>
                    <state id="1179" name="10 - 4 - 1"/>
                </destinationstate>
                <trans id="2424" propositions="tro^to^trz"/>
            </labeledplugtransition>
            <labeledplugtransition label="G" id="238">
                <sourcestate>
                    <state id="8" name="q8"/>
                </sourcestate>
                <destinationstate>
                    <state id="1171" name="10 - 4 - 2"/>
                </destinationstate>
                <trans id="2400" propositions="tro^to^ntz"/>
            </labeledplugtransition>
            <labeledplugtransition label="G" id="218">
                <sourcestate>
                    <state id="7" name="q7"/>
                </sourcestate>
                <destinationstate>
                    <state id="1228" name="10 - 5 - 1"/>
                </destinationstate>
                <trans id="2564" propositions="tro^to^ntz"/>
            </labeledplugtransition>
            <labeledplugtransition label="G" id="196">
                <sourcestate>
                    <state id="7" name="q7"/>
                </sourcestate>
                <destinationstate>
                    <state id="1223" name="10 - 6 - 1"/>
                </destinationstate>
                <trans id="2563" propositions="tro^to^ntz"/>
            </labeledplugtransition>
            <labeledplugtransition label="G" id="204">
                <sourcestate>
                    <state id="9" name="q9"/>
                </sourcestate>
                <destinationstate>
                    <state id="1163" name="10 - 1 - 1"/>
                </destinationstate>
                <trans id="2582" propositions="tro^to^trz"/>
            </labeledplugtransition>
            <labeledplugtransition label="G" id="240">
                <sourcestate>
                    <state id="9" name="q9"/>
                </sourcestate>
                <destinationstate>
                    <state id="1171" name="10 - 4 - 2"/>
                </destinationstate>
                <trans id="2450" propositions="tro^to^trz"/>
            </labeledplugtransition>
            <labeledplugtransition label="G" id="214">
                <sourcestate>
                    <state id="8" name="q8"/>
                </sourcestate>
                <destinationstate>
                    <state id="1228" name="10 - 5 - 1"/>
                </destinationstate>
                <trans id="2551" propositions="tro^to^ntz"/>
            </labeledplugtransition>
            <labeledplugtransition label="G" id="228">
                <sourcestate>
                    <state id="8" name="q8"/>
                </sourcestate>
                <destinationstate>
                    <state id="1193" name="10 - 2 - 1"/>
                </destinationstate>
                <trans id="2473" propositions="tro^to^ntz"/>
            </labeledplugtransition>
            <labeledplugtransition label="G" id="248">
                <sourcestate>
                    <state id="9" name="q9"/>
                </sourcestate>
                <destinationstate>
                    <state id="1204" name="10 - 3 - 1"/>
                </destinationstate>
                <trans id="2468" propositions="tro^to^trz"/>
            </labeledplugtransition>
            <labeledplugtransition label="G" id="192">
                <sourcestate>
                    <state id="9" name="q9"/>
                </sourcestate>
                <destinationstate>
                    <state id="1223" name="10 - 6 - 1"/>
                </destinationstate>
                <trans id="2508" propositions="tro^to^trz"/>
            </labeledplugtransition>
            <labeledplugtransition label="G" id="208">
                <sourcestate>
                    <state id="7" name="q7"/>
                </sourcestate>
                <destinationstate>
                    <state id="1163" name="10 - 1 - 1"/>
                </destinationstate>
                <trans id="2616" propositions="tro^to^ntz"/>
            </labeledplugtransition>
            <labeledplugtransition label="G" id="252">
                <sourcestate>
                    <state id="7" name="q7"/>
                </sourcestate>
                <destinationstate>
                    <state id="1204" name="10 - 3 - 1"/>
                </destinationstate>
                <trans id="2482" propositions="tro^to^ntz"/>
            </labeledplugtransition>
            <labeledplugtransition label="G" id="246">
                <sourcestate>
                    <state id="8" name="q8"/>
                </sourcestate>
                <destinationstate>
                    <state id="1233" name="10 - 7 - 2"/>
                </destinationstate>
                <trans id="2556" propositions="tro^to^ntz"/>
            </labeledplugtransition>
            <labeledplugtransition label="G" id="250">
                <sourcestate>
                    <state id="8" name="q8"/>
                </sourcestate>
                <destinationstate>
                    <state id="1204" name="10 - 3 - 1"/>
                </destinationstate>
                <trans id="2472" propositions="tro^to^ntz"/>
            </labeledplugtransition>
            <labeledplugtransition label="G" id="260">
                <sourcestate>
                    <state id="8" name="q8"/>
                </sourcestate>
                <destinationstate>
                    <state id="1179" name="10 - 4 - 1"/>
                </destinationstate>
                <trans id="2411" propositions="tro^to^ntz"/>
            </labeledplugtransition>
            <labeledplugtransition label="G" id="194">
                <sourcestate>
                    <state id="8" name="q8"/>
                </sourcestate>
                <destinationstate>
                    <state id="1223" name="10 - 6 - 1"/>
                </destinationstate>
                <trans id="2550" propositions="tro^to^ntz"/>
            </labeledplugtransition>
            <labeledplugtransition label="G" id="210">
                <sourcestate>
                    <state id="9" name="q9"/>
                </sourcestate>
                <destinationstate>
                    <state id="1228" name="10 - 5 - 1"/>
                </destinationstate>
                <trans id="2545" propositions="tro^to^trz"/>
            </labeledplugtransition>
        </intransitions>
        <outtransitions>
            <labeledplugtransition label="B" id="266">
                <sourcestate>
                    <state id="1223" name="10 - 6 - 1"/>
                </sourcestate>
                <destinationstate>
                    <state id="4" name="q4"/>
                </destinationstate>
                <trans id="2559" propositions="tz^nto^trz"/>
            </labeledplugtransition>
            <labeledplugtransition label="B" id="284">
                <sourcestate>
                    <state id="1163" name="10 - 1 - 1"/>
                </sourcestate>
                <destinationstate>
                    <state id="4" name="q4"/>
                </destinationstate>
                <trans id="2606" propositions="tz^nto^trz"/>
            </labeledplugtransition>
            <labeledplugtransition label="B" id="298">
                <sourcestate>
                    <state id="1196" name="10 - 2 - 0"/>
                </sourcestate>
                <destinationstate>
                    <state id="4" name="q4"/>
                </destinationstate>
                <trans id="2440" propositions="tz^nto^trz"/>
            </labeledplugtransition>
            <labeledplugtransition label="B" id="272">
                <sourcestate>
                    <state id="1198" name="10 - 4 - 0"/>
                </sourcestate>
                <destinationstate>
                    <state id="4" name="q4"/>
                </destinationstate>
                <trans id="2445" propositions="tz^nto^trz"/>
            </labeledplugtransition>
            <labeledplugtransition label="B" id="312">
                <sourcestate>
                    <state id="1204" name="10 - 3 - 1"/>
                </sourcestate>
                <destinationstate>
                    <state id="4" name="q4"/>
                </destinationstate>
                <trans id="2478" propositions="tz^nto^trz"/>
            </labeledplugtransition>
            <labeledplugtransition label="B" id="268">
                <sourcestate>
                    <state id="1198" name="10 - 4 - 0"/>
                </sourcestate>
                <destinationstate>
                    <state id="2" name="q2"/>
                </destinationstate>
                <trans id="2443" propositions="tz^ntz^nto"/>
            </labeledplugtransition>
            <labeledplugtransition label="B" id="300">
                <sourcestate>
                    <state id="1171" name="10 - 4 - 2"/>
                </sourcestate>
                <destinationstate>
                    <state id="2" name="q2"/>
                </destinationstate>
                <trans id="2431" propositions="tz^ntz^nto"/>
            </labeledplugtransition>
            <labeledplugtransition label="B" id="294">
                <sourcestate>
                    <state id="1193" name="10 - 2 - 1"/>
                </sourcestate>
                <destinationstate>
                    <state id="4" name="q4"/>
                </destinationstate>
                <trans id="2420" propositions="tz^nto^trz"/>
            </labeledplugtransition>
            <labeledplugtransition label="B" id="316">
                <sourcestate>
                    <state id="1179" name="10 - 4 - 1"/>
                </sourcestate>
                <destinationstate>
                    <state id="2" name="q2"/>
                </destinationstate>
                <trans id="2397" propositions="tz^ntz^nto"/>
            </labeledplugtransition>
            <labeledplugtransition label="B" id="304">
                <sourcestate>
                    <state id="1171" name="10 - 4 - 2"/>
                </sourcestate>
                <destinationstate>
                    <state id="4" name="q4"/>
                </destinationstate>
                <trans id="2435" propositions="tz^nto^trz"/>
            </labeledplugtransition>
            <labeledplugtransition label="B" id="276">
                <sourcestate>
                    <state id="1163" name="10 - 1 - 1"/>
                </sourcestate>
                <destinationstate>
                    <state id="2" name="q2"/>
                </destinationstate>
                <trans id="2392" propositions="tz^ntz^nto"/>
            </labeledplugtransition>
            <labeledplugtransition label="B" id="296">
                <sourcestate>
                    <state id="1196" name="10 - 2 - 0"/>
                </sourcestate>
                <destinationstate>
                    <state id="2" name="q2"/>
                </destinationstate>
                <trans id="2439" propositions="tz^ntz^nto"/>
            </labeledplugtransition>
            <labeledplugtransition label="B" id="292">
                <sourcestate>
                    <state id="1193" name="10 - 2 - 1"/>
                </sourcestate>
                <destinationstate>
                    <state id="2" name="q2"/>
                </destinationstate>
                <trans id="2419" propositions="tz^ntz^nto"/>
            </labeledplugtransition>
            <labeledplugtransition label="B" id="320">
                <sourcestate>
                    <state id="1179" name="10 - 4 - 1"/>
                </sourcestate>
                <destinationstate>
                    <state id="4" name="q4"/>
                </destinationstate>
                <trans id="2417" propositions="tz^nto^trz"/>
            </labeledplugtransition>
            <labeledplugtransition label="B" id="264">
                <sourcestate>
                    <state id="1223" name="10 - 6 - 1"/>
                </sourcestate>
                <destinationstate>
                    <state id="2" name="q2"/>
                </destinationstate>
                <trans id="2503" propositions="tz^ntz^nto"/>
            </labeledplugtransition>
            <labeledplugtransition label="B" id="308">
                <sourcestate>
                    <state id="1204" name="10 - 3 - 1"/>
                </sourcestate>
                <destinationstate>
                    <state id="2" name="q2"/>
                </destinationstate>
                <trans id="2460" propositions="tz^ntz^nto"/>
            </labeledplugtransition>
        </outtransitions>
        <lowerReachability>
            <reachabilityElements>
                <reachabilityElement accepting="true" acceptingclaim="true" acceptingmodel="true" destination="262" source="300"/>
                <reachabilityElement accepting="true" acceptingclaim="true" acceptingmodel="true" destination="260" source="300"/>
                <reachabilityElement accepting="true" acceptingclaim="true" acceptingmodel="true" destination="262" source="304"/>
                <reachabilityElement accepting="true" acceptingclaim="true" acceptingmodel="true" destination="262" source="304"/>
                <reachabilityElement accepting="true" acceptingclaim="true" acceptingmodel="true" destination="240" source="300"/>
                <reachabilityElement accepting="true" acceptingclaim="false" acceptingmodel="true" destination="238" source="304"/>
                <reachabilityElement accepting="true" acceptingclaim="true" acceptingmodel="true" destination="262" source="300"/>
                <reachabilityElement accepting="true" acceptingclaim="true" acceptingmodel="true" destination="238" source="304"/>
                <reachabilityElement accepting="true" acceptingclaim="true" acceptingmodel="true" destination="260" source="300"/>
                <reachabilityElement accepting="true" acceptingclaim="true" acceptingmodel="true" destination="240" source="300"/>
                <reachabilityElement accepting="false" acceptingclaim="false" acceptingmodel="true" destination="210" source="266"/>
                <reachabilityElement accepting="false" acceptingclaim="false" acceptingmodel="true" destination="244" source="264"/>
                <reachabilityElement accepting="false" acceptingclaim="false" acceptingmodel="true" destination="246" source="266"/>
                <reachabilityElement accepting="false" acceptingclaim="false" acceptingmodel="true" destination="210" source="266"/>
                <reachabilityElement accepting="false" acceptingclaim="false" acceptingmodel="true" destination="214" source="264"/>
                <reachabilityElement accepting="false" acceptingclaim="false" acceptingmodel="true" destination="194" source="264"/>
                <reachabilityElement accepting="false" acceptingclaim="false" acceptingmodel="true" destination="214" source="264"/>
                <reachabilityElement accepting="false" acceptingclaim="false" acceptingmodel="true" destination="192" source="266"/>
                <reachabilityElement accepting="false" acceptingclaim="false" acceptingmodel="true" destination="194" source="266"/>
                <reachabilityElement accepting="false" acceptingclaim="false" acceptingmodel="true" destination="214" source="266"/>
                <reachabilityElement accepting="false" acceptingclaim="false" acceptingmodel="true" destination="210" source="264"/>
                <reachabilityElement accepting="false" acceptingclaim="false" acceptingmodel="true" destination="196" source="264"/>
                <reachabilityElement accepting="false" acceptingclaim="false" acceptingmodel="true" destination="246" source="264"/>
                <reachabilityElement accepting="false" acceptingclaim="false" acceptingmodel="true" destination="210" source="264"/>
                <reachabilityElement accepting="false" acceptingclaim="false" acceptingmodel="true" destination="192" source="264"/>
                <reachabilityElement accepting="false" acceptingclaim="false" acceptingmodel="true" destination="196" source="266"/>
                <reachabilityElement accepting="false" acceptingclaim="false" acceptingmodel="true" destination="244" source="266"/>
                <reachabilityElement accepting="false" acceptingclaim="false" acceptingmodel="true" destination="214" source="266"/>
                <reachabilityElement accepting="false" acceptingclaim="false" acceptingmodel="true" destination="218" source="266"/>
                <reachabilityElement accepting="false" acceptingclaim="false" acceptingmodel="true" destination="218" source="264"/>
                <reachabilityElement accepting="true" acceptingclaim="true" acceptingmodel="true" destination="240" source="308"/>
                <reachabilityElement accepting="false" acceptingclaim="false" acceptingmodel="true" destination="252" source="308"/>
                <reachabilityElement accepting="false" acceptingclaim="false" acceptingmodel="false" destination="228" source="312"/>
                <reachabilityElement accepting="false" acceptingclaim="false" acceptingmodel="false" destination="242" source="312"/>
                <reachabilityElement accepting="false" acceptingclaim="false" acceptingmodel="true" destination="252" source="312"/>
                <reachabilityElement accepting="true" acceptingclaim="true" acceptingmodel="true" destination="260" source="308"/>
                <reachabilityElement accepting="true" acceptingclaim="true" acceptingmodel="true" destination="260" source="312"/>
                <reachabilityElement accepting="true" acceptingclaim="true" acceptingmodel="true" destination="262" source="308"/>
                <reachabilityElement accepting="false" acceptingclaim="false" acceptingmodel="true" destination="230" source="308"/>
                <reachabilityElement accepting="false" acceptingclaim="false" acceptingmodel="true" destination="242" source="308"/>
                <reachabilityElement accepting="true" acceptingclaim="true" acceptingmodel="true" destination="238" source="308"/>
                <reachabilityElement accepting="true" acceptingclaim="true" acceptingmodel="true" destination="262" source="312"/>
                <reachabilityElement accepting="false" acceptingclaim="false" acceptingmodel="false" destination="226" source="308"/>
                <reachabilityElement accepting="false" acceptingclaim="false" acceptingmodel="true" destination="230" source="312"/>
                <reachabilityElement accepting="false" acceptingclaim="false" acceptingmodel="false" destination="228" source="308"/>
                <reachabilityElement accepting="true" acceptingclaim="true" acceptingmodel="true" destination="238" source="308"/>
                <reachabilityElement accepting="false" acceptingclaim="false" acceptingmodel="false" destination="250" source="308"/>
                <reachabilityElement accepting="true" acceptingclaim="false" acceptingmodel="true" destination="240" source="312"/>
                <reachabilityElement accepting="false" acceptingclaim="false" acceptingmodel="false" destination="226" source="312"/>
                <reachabilityElement accepting="true" acceptingclaim="true" acceptingmodel="true" destination="238" source="312"/>
                <reachabilityElement accepting="false" acceptingclaim="false" acceptingmodel="false" destination="248" source="308"/>
                <reachabilityElement accepting="true" acceptingclaim="true" acceptingmodel="true" destination="240" source="312"/>
                <reachabilityElement accepting="false" acceptingclaim="false" acceptingmodel="false" destination="250" source="312"/>
                <reachabilityElement accepting="true" acceptingclaim="true" acceptingmodel="true" destination="240" source="308"/>
                <reachabilityElement accepting="false" acceptingclaim="false" acceptingmodel="false" destination="248" source="312"/>
                <reachabilityElement accepting="true" acceptingclaim="true" acceptingmodel="true" destination="240" source="268"/>
                <reachabilityElement accepting="true" acceptingclaim="true" acceptingmodel="true" destination="260" source="268"/>
                <reachabilityElement accepting="true" acceptingclaim="true" acceptingmodel="true" destination="260" source="272"/>
                <reachabilityElement accepting="true" acceptingclaim="true" acceptingmodel="true" destination="238" source="268"/>
                <reachabilityElement accepting="true" acceptingclaim="false" acceptingmodel="true" destination="238" source="268"/>
                <reachabilityElement accepting="true" acceptingclaim="true" acceptingmodel="true" destination="240" source="272"/>
                <reachabilityElement accepting="true" acceptingclaim="false" acceptingmodel="true" destination="240" source="272"/>
                <reachabilityElement accepting="true" acceptingclaim="true" acceptingmodel="true" destination="262" source="272"/>
                <reachabilityElement accepting="true" acceptingclaim="true" acceptingmodel="true" destination="240" source="268"/>
                <reachabilityElement accepting="true" acceptingclaim="false" acceptingmodel="false" destination="260" source="272"/>
                <reachabilityElement accepting="true" acceptingclaim="true" acceptingmodel="true" destination="240" source="316"/>
                <reachabilityElement accepting="true" acceptingclaim="true" acceptingmodel="true" destination="260" source="320"/>
                <reachabilityElement accepting="false" acceptingclaim="false" acceptingmodel="true" destination="238" source="320"/>
                <reachabilityElement accepting="false" acceptingclaim="true" acceptingmodel="true" destination="240" source="320"/>
                <reachabilityElement accepting="true" acceptingclaim="true" acceptingmodel="true" destination="240" source="320"/>
                <reachabilityElement accepting="true" acceptingclaim="true" acceptingmodel="true" destination="238" source="316"/>
                <reachabilityElement accepting="true" acceptingclaim="true" acceptingmodel="true" destination="262" source="316"/>
                <reachabilityElement accepting="true" acceptingclaim="true" acceptingmodel="true" destination="238" source="316"/>
                <reachabilityElement accepting="false" acceptingclaim="false" acceptingmodel="true" destination="230" source="276"/>
                <reachabilityElement accepting="false" acceptingclaim="false" acceptingmodel="true" destination="246" source="276"/>
                <reachabilityElement accepting="false" acceptingclaim="false" acceptingmodel="false" destination="214" source="276"/>
                <reachabilityElement accepting="false" acceptingclaim="false" acceptingmodel="true" destination="218" source="284"/>
                <reachabilityElement accepting="false" acceptingclaim="false" acceptingmodel="false" destination="250" source="284"/>
                <reachabilityElement accepting="false" acceptingclaim="false" acceptingmodel="false" destination="210" source="284"/>
                <reachabilityElement accepting="false" acceptingclaim="false" acceptingmodel="true" destination="192" source="276"/>
                <reachabilityElement accepting="false" acceptingclaim="false" acceptingmodel="true" destination="244" source="276"/>
                <reachabilityElement accepting="false" acceptingclaim="false" acceptingmodel="true" destination="230" source="284"/>
                <reachabilityElement accepting="false" acceptingclaim="false" acceptingmodel="false" destination="226" source="276"/>
                <reachabilityElement accepting="true" acceptingclaim="true" acceptingmodel="true" destination="238" source="284"/>
                <reachabilityElement accepting="false" acceptingclaim="false" acceptingmodel="true" destination="192" source="284"/>
                <reachabilityElement accepting="false" acceptingclaim="false" acceptingmodel="false" destination="228" source="284"/>
                <reachabilityElement accepting="false" acceptingclaim="false" acceptingmodel="true" destination="192" source="284"/>
                <reachabilityElement accepting="true" acceptingclaim="true" acceptingmodel="true" destination="260" source="276"/>
                <reachabilityElement accepting="false" acceptingclaim="false" acceptingmodel="true" destination="252" source="284"/>
                <reachabilityElement accepting="false" acceptingclaim="false" acceptingmodel="true" destination="242" source="276"/>
                <reachabilityElement accepting="false" acceptingclaim="false" acceptingmodel="false" destination="242" source="284"/>
                <reachabilityElement accepting="true" acceptingclaim="true" acceptingmodel="true" destination="260" source="284"/>
                <reachabilityElement accepting="false" acceptingclaim="false" acceptingmodel="false" destination="210" source="276"/>
                <reachabilityElement accepting="false" acceptingclaim="false" acceptingmodel="false" destination="226" source="276"/>
                <reachabilityElement accepting="false" acceptingclaim="false" acceptingmodel="false" destination="242" source="284"/>
                <reachabilityElement accepting="false" acceptingclaim="false" acceptingmodel="true" destination="196" source="276"/>
                <reachabilityElement accepting="false" acceptingclaim="false" acceptingmodel="true" destination="230" source="284"/>
                <reachabilityElement accepting="true" acceptingclaim="true" acceptingmodel="true" destination="238" source="276"/>
                <reachabilityElement accepting="false" acceptingclaim="false" acceptingmodel="false" destination="204" source="276"/>
                <reachabilityElement accepting="false" acceptingclaim="false" acceptingmodel="true" destination="252" source="276"/>
                <reachabilityElement accepting="false" acceptingclaim="false" acceptingmodel="false" destination="206" source="276"/>
                <reachabilityElement accepting="true" acceptingclaim="true" acceptingmodel="true" destination="240" source="276"/>
                <reachabilityElement accepting="true" acceptingclaim="true" acceptingmodel="true" destination="260" source="276"/>
                <reachabilityElement accepting="false" acceptingclaim="false" acceptingmodel="true" destination="196" source="284"/>
                <reachabilityElement accepting="false" acceptingclaim="false" acceptingmodel="false" destination="192" source="284"/>
                <reachabilityElement accepting="false" acceptingclaim="false" acceptingmodel="true" destination="210" source="284"/>
                <reachabilityElement accepting="false" acceptingclaim="false" acceptingmodel="true" destination="214" source="276"/>
                <reachabilityElement accepting="false" acceptingclaim="false" acceptingmodel="true" destination="210" source="284"/>
                <reachabilityElement accepting="false" acceptingclaim="false" acceptingmodel="true" destination="218" source="284"/>
                <reachabilityElement accepting="true" acceptingclaim="true" acceptingmodel="true" destination="238" source="284"/>
                <reachabilityElement accepting="false" acceptingclaim="false" acceptingmodel="false" destination="248" source="276"/>
                <reachabilityElement accepting="false" acceptingclaim="false" acceptingmodel="false" destination="228" source="276"/>
                <reachabilityElement accepting="false" acceptingclaim="false" acceptingmodel="true" destination="196" source="276"/>
                <reachabilityElement accepting="false" acceptingclaim="false" acceptingmodel="false" destination="226" source="284"/>
                <reachabilityElement accepting="false" acceptingclaim="false" acceptingmodel="true" destination="214" source="284"/>
                <reachabilityElement accepting="false" acceptingclaim="false" acceptingmodel="true" destination="230" source="276"/>
                <reachabilityElement accepting="true" acceptingclaim="true" acceptingmodel="true" destination="262" source="276"/>
                <reachabilityElement accepting="false" acceptingclaim="false" acceptingmodel="false" destination="228" source="276"/>
                <reachabilityElement accepting="false" acceptingclaim="false" acceptingmodel="true" destination="210" source="276"/>
                <reachabilityElement accepting="false" acceptingclaim="false" acceptingmodel="true" destination="192" source="276"/>
                <reachabilityElement accepting="false" acceptingclaim="false" acceptingmodel="true" destination="210" source="276"/>
                <reachabilityElement accepting="false" acceptingclaim="false" acceptingmodel="true" destination="218" source="284"/>
                <reachabilityElement accepting="false" acceptingclaim="false" acceptingmodel="true" destination="244" source="276"/>
                <reachabilityElement accepting="false" acceptingclaim="false" acceptingmodel="true" destination="196" source="276"/>
                <reachabilityElement accepting="true" acceptingclaim="true" acceptingmodel="true" destination="262" source="284"/>
                <reachabilityElement accepting="true" acceptingclaim="true" acceptingmodel="true" destination="238" source="276"/>
                <reachabilityElement accepting="false" acceptingclaim="false" acceptingmodel="true" destination="194" source="284"/>
                <reachabilityElement accepting="false" acceptingclaim="false" acceptingmodel="false" destination="226" source="284"/>
                <reachabilityElement accepting="true" acceptingclaim="true" acceptingmodel="true" destination="238" source="276"/>
                <reachabilityElement accepting="true" acceptingclaim="true" acceptingmodel="true" destination="240" source="284"/>
                <reachabilityElement accepting="false" acceptingclaim="false" acceptingmodel="true" destination="194" source="276"/>
                <reachabilityElement accepting="false" acceptingclaim="false" acceptingmodel="true" destination="246" source="284"/>
                <reachabilityElement accepting="false" acceptingclaim="false" acceptingmodel="true" destination="196" source="284"/>
                <reachabilityElement accepting="false" acceptingclaim="false" acceptingmodel="false" destination="204" source="284"/>
                <reachabilityElement accepting="false" acceptingclaim="false" acceptingmodel="false" destination="192" source="276"/>
                <reachabilityElement accepting="false" acceptingclaim="false" acceptingmodel="true" destination="246" source="276"/>
                <reachabilityElement accepting="false" acceptingclaim="false" acceptingmodel="true" destination="230" source="284"/>
                <reachabilityElement accepting="false" acceptingclaim="false" acceptingmodel="false" destination="194" source="276"/>
                <reachabilityElement accepting="false" acceptingclaim="false" acceptingmodel="true" destination="244" source="284"/>
                <reachabilityElement accepting="false" acceptingclaim="false" acceptingmodel="false" destination="250" source="276"/>
                <reachabilityElement accepting="false" acceptingclaim="false" acceptingmodel="false" destination="248" source="284"/>
                <reachabilityElement accepting="false" acceptingclaim="false" acceptingmodel="false" destination="228" source="284"/>
                <reachabilityElement accepting="false" acceptingclaim="false" acceptingmodel="false" destination="226" source="276"/>
                <reachabilityElement accepting="false" acceptingclaim="false" acceptingmodel="false" destination="250" source="276"/>
                <reachabilityElement accepting="false" acceptingclaim="false" acceptingmodel="true" destination="208" source="276"/>
                <reachabilityElement accepting="false" acceptingclaim="false" acceptingmodel="false" destination="194" source="284"/>
                <reachabilityElement accepting="false" acceptingclaim="false" acceptingmodel="true" destination="252" source="284"/>
                <reachabilityElement accepting="false" acceptingclaim="false" acceptingmodel="true" destination="214" source="284"/>
                <reachabilityElement accepting="false" acceptingclaim="false" acceptingmodel="false" destination="228" source="276"/>
                <reachabilityElement accepting="false" acceptingclaim="false" acceptingmodel="true" destination="210" source="276"/>
                <reachabilityElement accepting="false" acceptingclaim="false" acceptingmodel="true" destination="218" source="276"/>
                <reachabilityElement accepting="false" acceptingclaim="false" acceptingmodel="true" destination="210" source="284"/>
                <reachabilityElement accepting="false" acceptingclaim="false" acceptingmodel="true" destination="214" source="276"/>
                <reachabilityElement accepting="false" acceptingclaim="false" acceptingmodel="true" destination="252" source="276"/>
                <reachabilityElement accepting="false" acceptingclaim="false" acceptingmodel="false" destination="248" source="276"/>
                <reachabilityElement accepting="false" acceptingclaim="false" acceptingmodel="true" destination="242" source="276"/>
                <reachabilityElement accepting="false" acceptingclaim="false" acceptingmodel="false" destination="248" source="284"/>
                <reachabilityElement accepting="false" acceptingclaim="false" acceptingmodel="true" destination="196" source="284"/>
                <reachabilityElement accepting="true" acceptingclaim="false" acceptingmodel="true" destination="240" source="284"/>
                <reachabilityElement accepting="false" acceptingclaim="false" acceptingmodel="false" destination="226" source="284"/>
                <reachabilityElement accepting="false" acceptingclaim="false" acceptingmodel="true" destination="214" source="276"/>
                <reachabilityElement accepting="false" acceptingclaim="false" acceptingmodel="true" destination="214" source="284"/>
                <reachabilityElement accepting="true" acceptingclaim="true" acceptingmodel="true" destination="240" source="276"/>
                <reachabilityElement accepting="false" acceptingclaim="false" acceptingmodel="false" destination="250" source="284"/>
                <reachabilityElement accepting="true" acceptingclaim="true" acceptingmodel="true" destination="240" source="276"/>
                <reachabilityElement accepting="false" acceptingclaim="false" acceptingmodel="false" destination="250" source="284"/>
                <reachabilityElement accepting="false" acceptingclaim="false" acceptingmodel="false" destination="248" source="276"/>
                <reachabilityElement accepting="false" acceptingclaim="false" acceptingmodel="false" destination="248" source="284"/>
                <reachabilityElement accepting="false" acceptingclaim="false" acceptingmodel="false" destination="228" source="284"/>
                <reachabilityElement accepting="false" acceptingclaim="false" acceptingmodel="false" destination="214" source="284"/>
                <reachabilityElement accepting="false" acceptingclaim="false" acceptingmodel="true" destination="214" source="284"/>
                <reachabilityElement accepting="false" acceptingclaim="false" acceptingmodel="true" destination="210" source="276"/>
                <reachabilityElement accepting="true" acceptingclaim="true" acceptingmodel="true" destination="262" source="276"/>
                <reachabilityElement accepting="false" acceptingclaim="false" acceptingmodel="true" destination="252" source="284"/>
                <reachabilityElement accepting="false" acceptingclaim="false" acceptingmodel="true" destination="208" source="284"/>
                <reachabilityElement accepting="false" acceptingclaim="false" acceptingmodel="true" destination="210" source="284"/>
                <reachabilityElement accepting="false" acceptingclaim="false" acceptingmodel="false" destination="250" source="276"/>
                <reachabilityElement accepting="false" acceptingclaim="false" acceptingmodel="true" destination="218" source="276"/>
                <reachabilityElement accepting="false" acceptingclaim="false" acceptingmodel="true" destination="244" source="284"/>
                <reachabilityElement accepting="false" acceptingclaim="false" acceptingmodel="true" destination="194" source="284"/>
                <reachabilityElement accepting="false" acceptingclaim="false" acceptingmodel="true" destination="230" source="276"/>
                <reachabilityElement accepting="false" acceptingclaim="false" acceptingmodel="true" destination="214" source="276"/>
                <reachabilityElement accepting="false" acceptingclaim="false" acceptingmodel="true" destination="218" source="276"/>
                <reachabilityElement accepting="false" acceptingclaim="false" acceptingmodel="true" destination="246" source="284"/>
                <reachabilityElement accepting="false" acceptingclaim="false" acceptingmodel="true" destination="194" source="276"/>
                <reachabilityElement accepting="false" acceptingclaim="false" acceptingmodel="false" destination="206" source="284"/>
                <reachabilityElement accepting="true" acceptingclaim="true" acceptingmodel="true" destination="262" source="284"/>
                <reachabilityElement accepting="true" acceptingclaim="false" acceptingmodel="true" destination="240" source="284"/>
                <reachabilityElement accepting="false" acceptingclaim="false" acceptingmodel="true" destination="252" source="276"/>
                <reachabilityElement accepting="false" acceptingclaim="true" acceptingmodel="true" destination="240" source="294"/>
                <reachabilityElement accepting="false" acceptingclaim="false" acceptingmodel="true" destination="238" source="294"/>
                <reachabilityElement accepting="true" acceptingclaim="true" acceptingmodel="true" destination="238" source="292"/>
                <reachabilityElement accepting="true" acceptingclaim="true" acceptingmodel="true" destination="262" source="292"/>
                <reachabilityElement accepting="true" acceptingclaim="true" acceptingmodel="true" destination="260" source="296"/>
                <reachabilityElement accepting="true" acceptingclaim="true" acceptingmodel="true" destination="262" source="298"/>
                <reachabilityElement accepting="true" acceptingclaim="true" acceptingmodel="true" destination="240" source="296"/>
                <reachabilityElement accepting="true" acceptingclaim="false" acceptingmodel="true" destination="238" source="296"/>
                <reachabilityElement accepting="true" acceptingclaim="false" acceptingmodel="false" destination="260" source="298"/>
                <reachabilityElement accepting="true" acceptingclaim="false" acceptingmodel="true" destination="240" source="298"/>
            </reachabilityElements>
        </lowerReachability>
        <upperReachability>
            <reachabilityElements>
                <reachabilityElement accepting="true" acceptingclaim="false" acceptingmodel="true" destination="238" source="304"/>
                <reachabilityElement accepting="true" acceptingclaim="true" acceptingmodel="true" destination="240" source="300"/>
                <reachabilityElement accepting="true" acceptingclaim="true" acceptingmodel="true" destination="262" source="304"/>
                <reachabilityElement accepting="true" acceptingclaim="true" acceptingmodel="true" destination="240" source="300"/>
                <reachabilityElement accepting="true" acceptingclaim="true" acceptingmodel="true" destination="238" source="304"/>
                <reachabilityElement accepting="true" acceptingclaim="true" acceptingmodel="true" destination="262" source="300"/>
                <reachabilityElement accepting="true" acceptingclaim="true" acceptingmodel="true" destination="260" source="300"/>
                <reachabilityElement accepting="true" acceptingclaim="true" acceptingmodel="true" destination="260" source="300"/>
                <reachabilityElement accepting="true" acceptingclaim="true" acceptingmodel="true" destination="262" source="300"/>
                <reachabilityElement accepting="true" acceptingclaim="true" acceptingmodel="true" destination="262" source="304"/>
                <reachabilityElement accepting="false" acceptingclaim="false" acceptingmodel="true" destination="218" source="266"/>
                <reachabilityElement accepting="false" acceptingclaim="false" acceptingmodel="true" destination="246" source="266"/>
                <reachabilityElement accepting="false" acceptingclaim="false" acceptingmodel="true" destination="218" source="264"/>
                <reachabilityElement accepting="false" acceptingclaim="false" acceptingmodel="true" destination="196" source="266"/>
                <reachabilityElement accepting="false" acceptingclaim="false" acceptingmodel="true" destination="246" source="264"/>
                <reachabilityElement accepting="false" acceptingclaim="false" acceptingmodel="true" destination="214" source="264"/>
                <reachabilityElement accepting="false" acceptingclaim="false" acceptingmodel="true" destination="214" source="266"/>
                <reachabilityElement accepting="false" acceptingclaim="false" acceptingmodel="true" destination="196" source="264"/>
                <reachabilityElement accepting="false" acceptingclaim="false" acceptingmodel="true" destination="244" source="264"/>
                <reachabilityElement accepting="false" acceptingclaim="false" acceptingmodel="true" destination="210" source="266"/>
                <reachabilityElement accepting="false" acceptingclaim="false" acceptingmodel="true" destination="194" source="264"/>
                <reachabilityElement accepting="false" acceptingclaim="false" acceptingmodel="true" destination="214" source="264"/>
                <reachabilityElement accepting="false" acceptingclaim="false" acceptingmodel="true" destination="210" source="264"/>
                <reachabilityElement accepting="false" acceptingclaim="false" acceptingmodel="true" destination="194" source="266"/>
                <reachabilityElement accepting="false" acceptingclaim="false" acceptingmodel="true" destination="192" source="266"/>
                <reachabilityElement accepting="false" acceptingclaim="false" acceptingmodel="true" destination="244" source="266"/>
                <reachabilityElement accepting="false" acceptingclaim="false" acceptingmodel="true" destination="210" source="264"/>
                <reachabilityElement accepting="false" acceptingclaim="false" acceptingmodel="true" destination="210" source="266"/>
                <reachabilityElement accepting="false" acceptingclaim="false" acceptingmodel="true" destination="214" source="266"/>
                <reachabilityElement accepting="false" acceptingclaim="false" acceptingmodel="true" destination="192" source="264"/>
                <reachabilityElement accepting="true" acceptingclaim="true" acceptingmodel="true" destination="262" source="308"/>
                <reachabilityElement accepting="true" acceptingclaim="true" acceptingmodel="true" destination="240" source="308"/>
                <reachabilityElement accepting="false" acceptingclaim="false" acceptingmodel="true" destination="242" source="308"/>
                <reachabilityElement accepting="false" acceptingclaim="false" acceptingmodel="false" destination="248" source="308"/>
                <reachabilityElement accepting="true" acceptingclaim="false" acceptingmodel="true" destination="240" source="312"/>
                <reachabilityElement accepting="true" acceptingclaim="true" acceptingmodel="true" destination="238" source="312"/>
                <reachabilityElement accepting="true" acceptingclaim="true" acceptingmodel="true" destination="262" source="312"/>
                <reachabilityElement accepting="false" acceptingclaim="false" acceptingmodel="false" destination="228" source="308"/>
                <reachabilityElement accepting="true" acceptingclaim="true" acceptingmodel="true" destination="260" source="312"/>
                <reachabilityElement accepting="false" acceptingclaim="false" acceptingmodel="true" destination="252" source="312"/>
                <reachabilityElement accepting="true" acceptingclaim="true" acceptingmodel="true" destination="240" source="308"/>
                <reachabilityElement accepting="false" acceptingclaim="false" acceptingmodel="false" destination="250" source="308"/>
                <reachabilityElement accepting="false" acceptingclaim="false" acceptingmodel="false" destination="250" source="312"/>
                <reachabilityElement accepting="false" acceptingclaim="false" acceptingmodel="true" destination="230" source="308"/>
                <reachabilityElement accepting="true" acceptingclaim="true" acceptingmodel="true" destination="260" source="308"/>
                <reachabilityElement accepting="false" acceptingclaim="false" acceptingmodel="true" destination="230" source="312"/>
                <reachabilityElement accepting="true" acceptingclaim="true" acceptingmodel="true" destination="238" source="308"/>
                <reachabilityElement accepting="false" acceptingclaim="false" acceptingmodel="false" destination="226" source="308"/>
                <reachabilityElement accepting="true" acceptingclaim="true" acceptingmodel="true" destination="240" source="312"/>
                <reachabilityElement accepting="false" acceptingclaim="false" acceptingmodel="false" destination="242" source="312"/>
                <reachabilityElement accepting="false" acceptingclaim="false" acceptingmodel="false" destination="228" source="312"/>
                <reachabilityElement accepting="false" acceptingclaim="false" acceptingmodel="false" destination="248" source="312"/>
                <reachabilityElement accepting="false" acceptingclaim="false" acceptingmodel="true" destination="252" source="308"/>
                <reachabilityElement accepting="false" acceptingclaim="false" acceptingmodel="false" destination="226" source="312"/>
                <reachabilityElement accepting="true" acceptingclaim="true" acceptingmodel="true" destination="238" source="308"/>
                <reachabilityElement accepting="true" acceptingclaim="true" acceptingmodel="true" destination="240" source="268"/>
                <reachabilityElement accepting="true" acceptingclaim="true" acceptingmodel="true" destination="260" source="268"/>
                <reachabilityElement accepting="true" acceptingclaim="true" acceptingmodel="true" destination="262" source="272"/>
                <reachabilityElement accepting="true" acceptingclaim="true" acceptingmodel="true" destination="260" source="272"/>
                <reachabilityElement accepting="true" acceptingclaim="true" acceptingmodel="true" destination="240" source="268"/>
                <reachabilityElement accepting="true" acceptingclaim="false" acceptingmodel="false" destination="260" source="272"/>
                <reachabilityElement accepting="true" acceptingclaim="true" acceptingmodel="true" destination="238" source="268"/>
                <reachabilityElement accepting="true" acceptingclaim="true" acceptingmodel="true" destination="240" source="272"/>
                <reachabilityElement accepting="true" acceptingclaim="false" acceptingmodel="true" destination="238" source="268"/>
                <reachabilityElement accepting="true" acceptingclaim="false" acceptingmodel="true" destination="240" source="272"/>
                <reachabilityElement accepting="true" acceptingclaim="true" acceptingmodel="true" destination="240" source="316"/>
                <reachabilityElement accepting="true" acceptingclaim="true" acceptingmodel="true" destination="238" source="316"/>
                <reachabilityElement accepting="true" acceptingclaim="true" acceptingmodel="true" destination="262" source="316"/>
                <reachabilityElement accepting="true" acceptingclaim="true" acceptingmodel="true" destination="240" source="320"/>
                <reachabilityElement accepting="true" acceptingclaim="true" acceptingmodel="true" destination="260" source="320"/>
                <reachabilityElement accepting="false" acceptingclaim="true" acceptingmodel="true" destination="240" source="320"/>
                <reachabilityElement accepting="false" acceptingclaim="false" acceptingmodel="true" destination="238" source="320"/>
                <reachabilityElement accepting="true" acceptingclaim="true" acceptingmodel="true" destination="238" source="316"/>
                <reachabilityElement accepting="false" acceptingclaim="false" acceptingmodel="true" destination="214" source="284"/>
                <reachabilityElement accepting="false" acceptingclaim="false" acceptingmodel="true" destination="218" source="276"/>
                <reachabilityElement accepting="true" acceptingclaim="true" acceptingmodel="true" destination="260" source="284"/>
                <reachabilityElement accepting="false" acceptingclaim="false" acceptingmodel="true" destination="210" source="284"/>
                <reachabilityElement accepting="false" acceptingclaim="false" acceptingmodel="true" destination="218" source="284"/>
                <reachabilityElement accepting="false" acceptingclaim="false" acceptingmodel="false" destination="250" source="276"/>
                <reachabilityElement accepting="false" acceptingclaim="false" acceptingmodel="false" destination="242" source="284"/>
                <reachabilityElement accepting="false" acceptingclaim="false" acceptingmodel="false" destination="250" source="276"/>
                <reachabilityElement accepting="false" acceptingclaim="false" acceptingmodel="true" destination="252" source="284"/>
                <reachabilityElement accepting="false" acceptingclaim="false" acceptingmodel="true" destination="196" source="284"/>
                <reachabilityElement accepting="false" acceptingclaim="false" acceptingmodel="true" destination="214" source="276"/>
                <reachabilityElement accepting="false" acceptingclaim="false" acceptingmodel="false" destination="210" source="276"/>
                <reachabilityElement accepting="false" acceptingclaim="false" acceptingmodel="false" destination="192" source="284"/>
                <reachabilityElement accepting="false" acceptingclaim="false" acceptingmodel="true" destination="252" source="276"/>
                <reachabilityElement accepting="false" acceptingclaim="false" acceptingmodel="true" destination="196" source="284"/>
                <reachabilityElement accepting="false" acceptingclaim="false" acceptingmodel="false" destination="192" source="276"/>
                <reachabilityElement accepting="false" acceptingclaim="false" acceptingmodel="false" destination="206" source="276"/>
                <reachabilityElement accepting="false" acceptingclaim="false" acceptingmodel="false" destination="210" source="284"/>
                <reachabilityElement accepting="false" acceptingclaim="false" acceptingmodel="true" destination="230" source="284"/>
                <reachabilityElement accepting="false" acceptingclaim="false" acceptingmodel="true" destination="194" source="276"/>
                <reachabilityElement accepting="false" acceptingclaim="false" acceptingmodel="true" destination="252" source="276"/>
                <reachabilityElement accepting="true" acceptingclaim="true" acceptingmodel="true" destination="262" source="284"/>
                <reachabilityElement accepting="true" acceptingclaim="true" acceptingmodel="true" destination="262" source="276"/>
                <reachabilityElement accepting="false" acceptingclaim="false" acceptingmodel="false" destination="250" source="284"/>
                <reachabilityElement accepting="false" acceptingclaim="false" acceptingmodel="true" destination="196" source="276"/>
                <reachabilityElement accepting="false" acceptingclaim="false" acceptingmodel="false" destination="248" source="284"/>
                <reachabilityElement accepting="false" acceptingclaim="false" acceptingmodel="true" destination="242" source="276"/>
                <reachabilityElement accepting="false" acceptingclaim="false" acceptingmodel="true" destination="230" source="284"/>
                <reachabilityElement accepting="false" acceptingclaim="false" acceptingmodel="false" destination="248" source="284"/>
                <reachabilityElement accepting="true" acceptingclaim="true" acceptingmodel="true" destination="262" source="284"/>
                <reachabilityElement accepting="false" acceptingclaim="false" acceptingmodel="true" destination="246" source="276"/>
                <reachabilityElement accepting="false" acceptingclaim="false" acceptingmodel="true" destination="194" source="284"/>
                <reachabilityElement accepting="false" acceptingclaim="false" acceptingmodel="false" destination="226" source="284"/>
                <reachabilityElement accepting="false" acceptingclaim="false" acceptingmodel="true" destination="218" source="284"/>
                <reachabilityElement accepting="false" acceptingclaim="false" acceptingmodel="true" destination="210" source="276"/>
                <reachabilityElement accepting="false" acceptingclaim="false" acceptingmodel="false" destination="248" source="276"/>
                <reachabilityElement accepting="false" acceptingclaim="false" acceptingmodel="true" destination="210" source="284"/>
                <reachabilityElement accepting="true" acceptingclaim="true" acceptingmodel="true" destination="260" source="276"/>
                <reachabilityElement accepting="false" acceptingclaim="false" acceptingmodel="true" destination="244" source="284"/>
                <reachabilityElement accepting="true" acceptingclaim="true" acceptingmodel="true" destination="238" source="276"/>
                <reachabilityElement accepting="false" acceptingclaim="false" acceptingmodel="false" destination="228" source="276"/>
                <reachabilityElement accepting="false" acceptingclaim="false" acceptingmodel="false" destination="226" source="276"/>
                <reachabilityElement accepting="false" acceptingclaim="false" acceptingmodel="true" destination="218" source="276"/>
                <reachabilityElement accepting="false" acceptingclaim="false" acceptingmodel="true" destination="214" source="284"/>
                <reachabilityElement accepting="false" acceptingclaim="false" acceptingmodel="true" destination="244" source="284"/>
                <reachabilityElement accepting="false" acceptingclaim="false" acceptingmodel="false" destination="226" source="284"/>
                <reachabilityElement accepting="true" acceptingclaim="true" acceptingmodel="true" destination="238" source="284"/>
                <reachabilityElement accepting="false" acceptingclaim="false" acceptingmodel="false" destination="204" source="276"/>
                <reachabilityElement accepting="false" acceptingclaim="false" acceptingmodel="true" destination="230" source="284"/>
                <reachabilityElement accepting="false" acceptingclaim="false" acceptingmodel="true" destination="208" source="276"/>
                <reachabilityElement accepting="false" acceptingclaim="false" acceptingmodel="true" destination="230" source="276"/>
                <reachabilityElement accepting="false" acceptingclaim="false" acceptingmodel="true" destination="196" source="276"/>
                <reachabilityElement accepting="false" acceptingclaim="false" acceptingmodel="true" destination="246" source="284"/>
                <reachabilityElement accepting="false" acceptingclaim="false" acceptingmodel="true" destination="210" source="276"/>
                <reachabilityElement accepting="false" acceptingclaim="false" acceptingmodel="true" destination="242" source="276"/>
                <reachabilityElement accepting="true" acceptingclaim="true" acceptingmodel="true" destination="238" source="276"/>
                <reachabilityElement accepting="false" acceptingclaim="false" acceptingmodel="true" destination="244" source="276"/>
                <reachabilityElement accepting="false" acceptingclaim="false" acceptingmodel="true" destination="194" source="284"/>
                <reachabilityElement accepting="false" acceptingclaim="false" acceptingmodel="false" destination="226" source="276"/>
                <reachabilityElement accepting="false" acceptingclaim="false" acceptingmodel="true" destination="230" source="276"/>
                <reachabilityElement accepting="true" acceptingclaim="true" acceptingmodel="true" destination="240" source="276"/>
                <reachabilityElement accepting="false" acceptingclaim="false" acceptingmodel="false" destination="250" source="276"/>
                <reachabilityElement accepting="true" acceptingclaim="true" acceptingmodel="true" destination="238" source="276"/>
                <reachabilityElement accepting="false" acceptingclaim="false" acceptingmodel="true" destination="252" source="284"/>
                <reachabilityElement accepting="false" acceptingclaim="false" acceptingmodel="true" destination="210" source="276"/>
                <reachabilityElement accepting="false" acceptingclaim="false" acceptingmodel="true" destination="210" source="276"/>
                <reachabilityElement accepting="false" acceptingclaim="false" acceptingmodel="true" destination="252" source="276"/>
                <reachabilityElement accepting="false" acceptingclaim="false" acceptingmodel="true" destination="218" source="284"/>
                <reachabilityElement accepting="false" acceptingclaim="false" acceptingmodel="true" destination="246" source="284"/>
                <reachabilityElement accepting="false" acceptingclaim="false" acceptingmodel="true" destination="252" source="284"/>
                <reachabilityElement accepting="false" acceptingclaim="false" acceptingmodel="true" destination="214" source="276"/>
                <reachabilityElement accepting="false" acceptingclaim="false" acceptingmodel="false" destination="226" source="276"/>
                <reachabilityElement accepting="false" acceptingclaim="false" acceptingmodel="true" destination="192" source="284"/>
                <reachabilityElement accepting="false" acceptingclaim="false" acceptingmodel="false" destination="206" source="284"/>
                <reachabilityElement accepting="false" acceptingclaim="false" acceptingmodel="false" destination="214" source="276"/>
                <reachabilityElement accepting="false" acceptingclaim="false" acceptingmodel="true" destination="214" source="276"/>
                <reachabilityElement accepting="false" acceptingclaim="false" acceptingmodel="true" destination="230" source="276"/>
                <reachabilityElement accepting="false" acceptingclaim="false" acceptingmodel="true" destination="246" source="276"/>
                <reachabilityElement accepting="false" acceptingclaim="false" acceptingmodel="false" destination="250" source="284"/>
                <reachabilityElement accepting="false" acceptingclaim="false" acceptingmodel="true" destination="210" source="284"/>
                <reachabilityElement accepting="true" acceptingclaim="true" acceptingmodel="true" destination="238" source="284"/>
                <reachabilityElement accepting="false" acceptingclaim="false" acceptingmodel="true" destination="214" source="276"/>
                <reachabilityElement accepting="true" acceptingclaim="true" acceptingmodel="true" destination="262" source="276"/>
                <reachabilityElement accepting="false" acceptingclaim="false" acceptingmodel="true" destination="192" source="276"/>
                <reachabilityElement accepting="true" acceptingclaim="false" acceptingmodel="true" destination="240" source="284"/>
                <reachabilityElement accepting="false" acceptingclaim="false" acceptingmodel="true" destination="192" source="284"/>
                <reachabilityElement accepting="false" acceptingclaim="false" acceptingmodel="false" destination="248" source="276"/>
                <reachabilityElement accepting="false" acceptingclaim="false" acceptingmodel="false" destination="228" source="276"/>
                <reachabilityElement accepting="true" acceptingclaim="true" acceptingmodel="true" destination="240" source="276"/>
                <reachabilityElement accepting="false" acceptingclaim="false" acceptingmodel="true" destination="214" source="284"/>
                <reachabilityElement accepting="false" acceptingclaim="false" acceptingmodel="false" destination="214" source="284"/>
                <reachabilityElement accepting="false" acceptingclaim="false" acceptingmodel="true" destination="196" source="276"/>
                <reachabilityElement accepting="false" acceptingclaim="false" acceptingmodel="false" destination="250" source="284"/>
                <reachabilityElement accepting="false" acceptingclaim="false" acceptingmodel="false" destination="228" source="284"/>
                <reachabilityElement accepting="true" acceptingclaim="false" acceptingmodel="true" destination="240" source="284"/>
                <reachabilityElement accepting="false" acceptingclaim="false" acceptingmodel="false" destination="194" source="284"/>
                <reachabilityElement accepting="true" acceptingclaim="true" acceptingmodel="true" destination="240" source="276"/>
                <reachabilityElement accepting="false" acceptingclaim="false" acceptingmodel="false" destination="242" source="284"/>
                <reachabilityElement accepting="false" acceptingclaim="false" acceptingmodel="true" destination="192" source="276"/>
                <reachabilityElement accepting="false" acceptingclaim="false" acceptingmodel="true" destination="244" source="276"/>
                <reachabilityElement accepting="false" acceptingclaim="false" acceptingmodel="false" destination="248" source="284"/>
                <reachabilityElement accepting="false" acceptingclaim="false" acceptingmodel="true" destination="194" source="276"/>
                <reachabilityElement accepting="true" acceptingclaim="true" acceptingmodel="true" destination="260" source="276"/>
                <reachabilityElement accepting="false" acceptingclaim="false" acceptingmodel="false" destination="194" source="276"/>
                <reachabilityElement accepting="false" acceptingclaim="false" acceptingmodel="true" destination="208" source="284"/>
                <reachabilityElement accepting="false" acceptingclaim="false" acceptingmodel="false" destination="228" source="276"/>
                <reachabilityElement accepting="false" acceptingclaim="false" acceptingmodel="false" destination="204" source="284"/>
                <reachabilityElement accepting="false" acceptingclaim="false" acceptingmodel="true" destination="218" source="276"/>
                <reachabilityElement accepting="false" acceptingclaim="false" acceptingmodel="true" destination="210" source="284"/>
                <reachabilityElement accepting="false" acceptingclaim="false" acceptingmodel="true" destination="214" source="284"/>
                <reachabilityElement accepting="false" acceptingclaim="false" acceptingmodel="false" destination="248" source="276"/>
                <reachabilityElement accepting="false" acceptingclaim="false" acceptingmodel="false" destination="228" source="284"/>
                <reachabilityElement accepting="true" acceptingclaim="true" acceptingmodel="true" destination="240" source="284"/>
                <reachabilityElement accepting="false" acceptingclaim="false" acceptingmodel="false" destination="226" source="284"/>
                <reachabilityElement accepting="false" acceptingclaim="false" acceptingmodel="true" destination="196" source="284"/>
                <reachabilityElement accepting="false" acceptingclaim="false" acceptingmodel="false" destination="228" source="284"/>
                <reachabilityElement accepting="false" acceptingclaim="true" acceptingmodel="true" destination="240" source="294"/>
                <reachabilityElement accepting="false" acceptingclaim="false" acceptingmodel="true" destination="238" source="294"/>
                <reachabilityElement accepting="true" acceptingclaim="true" acceptingmodel="true" destination="262" source="292"/>
                <reachabilityElement accepting="true" acceptingclaim="true" acceptingmodel="true" destination="238" source="292"/>
                <reachabilityElement accepting="true" acceptingclaim="false" acceptingmodel="false" destination="260" source="298"/>
                <reachabilityElement accepting="true" acceptingclaim="true" acceptingmodel="true" destination="260" source="296"/>
                <reachabilityElement accepting="true" acceptingclaim="true" acceptingmodel="true" destination="240" source="296"/>
                <reachabilityElement accepting="true" acceptingclaim="false" acceptingmodel="true" destination="240" source="298"/>
                <reachabilityElement accepting="true" acceptingclaim="false" acceptingmodel="true" destination="238" source="296"/>
                <reachabilityElement accepting="true" acceptingclaim="true" acceptingmodel="true" destination="262" source="298"/>
            </reachabilityElements>
        </upperReachability>
    </subproperty>
</constraint>

