<?xml version="1.0" encoding="UTF-8"?>
<!-- lm /Users/Claudio1/Desktop/CHIAExamples/PPU/Scenario1/Aut/Refinement.xml -->
<iba>
	<propositions>
		<!-- z stays for zero -->
		<!-- o stays for one -->

		<!--  STACK -->		
		<proposition name="stdias" />
		<proposition name="stempty" />
		<proposition name="stwpav" />
		<proposition name="stactext" />
		<proposition name="stdiext" />
		<proposition name="stactext" />
		<proposition name="stdiext" />
		<proposition name="stdiwpav" />
		
		<!--  STAMP -->
		<proposition name="smactslret" />
		<proposition name="smdislret" />
		<proposition name="smactspw" />
		<proposition name="smactstext" />
		<proposition name="smdistext" />
		<proposition name="smtmp" />
		<proposition name="smdistmp" />
		<proposition name="smactstret" />
		<proposition name="smdistret" />
		<proposition name="smactslext" />
		<proposition name="smdislext" />
		
		<!-- CONVEYOR -->
		<proposition name="coacttf" />
		<proposition name="codiwprpone" />
		<proposition name="codistonenfull" />
		<proposition name="coditonetout" />
		<proposition name="coactconeext" />
		<proposition name="codiconeext" />
		<proposition name="coactconeret" />
		<proposition name="codiconeret" />
		<proposition name="codiprone" />
		<proposition name="codiwprptwo" />
		<proposition name="codisttwonfull" />
		<proposition name="codittwotout" />
		<proposition name="coactctwoext" />
		<proposition name="codictwoext" />
		<proposition name="coactctworet" />
		<proposition name="codictworet" />
		<proposition name="codiprtwo" />
		<proposition name="coactms" />
		<proposition name="codiwprm" />
		<proposition name="codiwprptwo" />
		<proposition name="coditthreetout" />
		<proposition name="codiprthree" />
		<proposition name="codiwpab" />
		<proposition name="codiwprm" />
		
		
		<!-- CRANE-->
		<proposition name="crdias" />
		<proposition name="stdiwpspr" />
				
		<proposition name="cracttts" />
		<proposition name="cractpcext" />
		<proposition name="cractpuwp" />
		<proposition name="cractpcret" />
		<proposition name="cractttc" />
		<proposition name="cractpdwp" />
		<proposition name="cractttstmp" />
				
		<proposition name="crdipcext" />
		<proposition name="crdipuwp" />
		<proposition name="crdipcret" />
		<proposition name="crdipdwp" />
		<proposition name="crdittc" />
		<proposition name="codiwpab" />
		<proposition name="crdiatstmp" />
		<proposition name="smdiwpav" />
		<proposition name="crdias" />
				
		<proposition name="crditts" />
				
		<proposition name="diwpm" />
		<proposition name="diwpp" />
				
		<proposition name="stdiwpav" />
		<proposition name="smdiwpspr" />
		<proposition name="codiwprm" />
				
		<proposition name="stdiwpav" />	
		<proposition name="diwpb" />		
		<proposition name="diwpw" />		
		
	</propositions>
	<states>
		<!--  STACK -->		
		<state id="1" name="q1" initial="true" />
		<state id="2" name="q2" />
		<state id="3" name="q3" />
		<state id="4" name="q4" />
		<state id="5" name="q5" />
		
		<!--  STAMP -->
		<state id="6" name="q6" />
		<state id="7" name="q7" />
		<state id="8" name="q8" />
		<state id="9" name="q9" />
		<state id="10" name="q10" />
		<state id="11" name="q11" />
		<state id="12" name="q12" />
		
		<!-- CONVEYOR -->
		<state id="13" name="q13" />
		<state id="14" name="q14" />
		<state id="15" name="q15" />
		<state id="16" name="q16" />
		<state id="17" name="q17" />
		<state id="18" name="q18" accepting="true"/>
		<state id="19" name="q19" />
		<state id="20" name="q20" />
		<state id="21" name="q21" />
		<state id="22" name="q22" />
		
		
		<!-- CRANE-->
		<state id="26" name="q26" />
		<state id="27" name="q27" />
		<state id="28" name="q28" />
		<state id="29" name="q29" />
		<state id="30" name="q30" />
		<state id="31" name="q31" />
		<state id="32" name="q32" />
		<state id="33" name="q33" />
		<state id="34" name="q34" />
		<state id="35" name="q35" />
		<state id="36" name="q36" />
		<state id="37" name="q37" />
		<state id="38" name="q38" />
		<state id="39" name="q39" />
		<state id="40" name="q40" />
		<state id="41" name="q41" />
		<state id="42" name="q42" />
		<state id="43" name="q43" />
		<state id="44" name="q44" />
		<state id="45" name="q45" />		
		
	</states>
	<transitions>
		<!--  STACK -->		
		<transition id="8" source="1" destination="3" propositions="stempty" />
		<transition id="9" source="3" destination="2" propositions="stwpav" />
		<transition id="10" source="1" destination="2" propositions="stwpav" />		
		<transition id="11" source="2" destination="2" propositions="stactext" />
		<transition id="12" source="2" destination="4" propositions="stdiext" />		
		<transition id="13" source="4" destination="4" propositions="stactext" />
		<transition id="14" source="4" destination="5" propositions="stdiext" />
		
		<!--  STAMP -->
		<transition id="15" source="6" destination="6" propositions="smactslret" />
		<transition id="16" source="6" destination="7" propositions="smdislret" />
		<transition id="17" source="7" destination="8" propositions="smactspw" />		
		<transition id="18" source="8" destination="8" propositions="smactstext" />
		<transition id="19" source="8" destination="9" propositions="smdistext" />		
		<transition id="20" source="9" destination="10" propositions="smtmp^smdistmp" />
		<transition id="21" source="10" destination="10" propositions="smactstret" />
		<transition id="22" source="10" destination="11" propositions="smdistret" />
		<transition id="23" source="11" destination="11" propositions="smactslext" />
		<transition id="24" source="11" destination="12" propositions="smdislext" />
		
		<!-- CONVEYOR -->
		<transition id="25" source="13" destination="13" propositions="coacttf" />
		<transition id="26" source="13" destination="14" propositions="codiwprpone^codistonenfull" />
		<transition id="27" source="13" destination="19" propositions="codiwprptwo^codisttwonfull" />
		<transition id="28" source="13" destination="22" propositions="codiwprptwo" />
		<transition id="29" source="14" destination="15" propositions="coditonetout" />
		<transition id="30" source="15" destination="15" propositions="coactconeext" />
		<transition id="31" source="15" destination="16" propositions="codiconeext" />
		<transition id="32" source="16" destination="16" propositions="coactconeret" />
		<transition id="33" source="16" destination="17" propositions="codiconeret^codiprone" />
		<transition id="34" source="17" destination="18" propositions="coactms" />
		<transition id="35" source="19" destination="20" propositions="codittwotout" />
		<transition id="36" source="20" destination="20" propositions="coactctwoext" />
		<transition id="37" source="20" destination="21" propositions="codictwoext" />
		<transition id="38" source="21" destination="21" propositions="coactctworet" />
		<transition id="39" source="21" destination="17" propositions="codictworet^codiprtwo" />
		<transition id="40" source="22" destination="17" propositions="coditthreetout^codiprthree" />
		
		<!-- CRANE -->
		<transition id="41" source="26" destination="26"  propositions="cracttts"/>
		<transition id="42" source="26" destination="27"  propositions="crditts"/>
		<transition id="43" source="27" destination="27"  propositions="cractpcext"/>
		<transition id="44" source="27" destination="28"  propositions="crdipcext"/>
		<transition id="45" source="28" destination="28"  propositions="cractpuwp"/>
		<transition id="46" source="28" destination="29"  propositions="crdipuwp"/>
		<transition id="47" source="29" destination="29"  propositions="cractpcret"/>
		<transition id="48" source="29" destination="30"  propositions="crdipcret"/>
		
		<transition id="49" source="30" destination="31"  propositions="diwpp"/>
		<transition id="50" source="30" destination="34"  propositions="diwpm"/>
		
		<transition id="51" source="31" destination="31"  propositions="cractttc"/>
		<transition id="52" source="31" destination="32"  propositions="crdittc"/>
		<transition id="53" source="32" destination="32"  propositions="cractpcext"/>
		<transition id="54" source="32" destination="33"  propositions="crdipcext"/>
		<transition id="55" source="33" destination="33"  propositions="cractpdwp"/>
		<transition id="56" source="34" destination="34"  propositions="cractttstmp"/>
		<transition id="57" source="34" destination="35"  propositions="crdiatstmp"/>
		<transition id="58" source="35" destination="35"  propositions="cractpcext"/>
		<transition id="59" source="35" destination="36"  propositions="crdipcext"/>
		<transition id="60" source="36" destination="36"  propositions="cractpdwp"/>
		<transition id="61" source="37" destination="37"  propositions="cractttstmp"/>
		<transition id="62" source="37" destination="38"  propositions="crdiatstmp"/>
		<transition id="63" source="38" destination="38"  propositions="cractpcext"/>
		<transition id="64" source="38" destination="39"  propositions="crdipcext"/>
		<transition id="65" source="39" destination="39"  propositions="cractpdwp"/>
		<transition id="66" source="39" destination="40"  propositions="crdipuwp"/>
		<transition id="67" source="40" destination="40"  propositions="cractpcret"/>
		<transition id="68" source="40" destination="41"  propositions="crdipcret"/>
		<transition id="69" source="41" destination="41"  propositions="cractttc"/>
		<transition id="70" source="41" destination="42"  propositions="crdittc"/>
		<transition id="71" source="42" destination="42"  propositions="cractpcext"/>
		<transition id="72" source="42" destination="43"  propositions="crdipcext"/>
		<transition id="73" source="43" destination="43"  propositions="cractpdwp"/>
		<transition id="74" source="44" destination="44"  propositions="cractpcret"/>
		<transition id="75" source="44" destination="45"  propositions="crdipcret"/>
		<transition id="76" source="45" destination="45"  propositions="cracttts"/>
		
		<!-- CRANE INCOMING-->
		<transition id="78" source="5" destination="26" propositions="stdiwpav" />
		<transition id="79" source="12" destination="37" propositions="crdias" />
		<transition id="80" source="18" destination="44" propositions="smdiwpav" />
		
		<!-- CRANE OUTGOING-->
		<transition id="81" source="33" destination="13" propositions="stdiwpspr" />
		<transition id="82" source="43" destination="13" propositions="codiwpab" />
		<transition id="83" source="45" destination="1" propositions="codiwprm" />
		<transition id="84" source="36" destination="6" propositions="codiwprm" />
		
	</transitions>
</iba>